id,nick_name
1,ducadmin
3,user3
4,user4
5,user5
6,user6
7,user7
10,user10
11,user11
14,user14
15,user15
16,user16
17,user17
19,user19
20,user20
22,user22
23,user23
24,user24
27,user27
29,user29
30,user30
32,user32
34,user34
35,user35
38,user38
39,user39
40,user40
42,user42
43,user43
45,user45
46,user46
47,user47
49,user49
51,user51
52,user52
53,user53
54,user54
56,user56
58,user58
59,user59
60,user60
61,user61
62,user62
64,user64
65,user65
66,user66
67,user67
68,user68
69,user69
71,user71
73,user73
74,user74
75,user75
77,user77
78,user78
80,user80
81,user81
82,user82
83,user83
85,user85
86,user86
87,user87
88,user88
89,user89
90,user90
92,user92
93,user93
95,user95
96,user96
100,user100
101,user101
102,user102
104,user104
106,user106
107,user107
109,user109
110,user110
111,user111
115,user115
117,user117
121,user121
122,user122
124,TuanThanh
127,user127
129,user129
131,user131
132,user132
133,user133
136,user136
137,user137
138,user138
139,user139
142,user142
143,user143
144,user144
145,user145
146,user146
147,user147
148,user148
149,user149
152,user152
154,user154
155,user155
156,user156
159,user159
161,user161
162,user162
164,user164
165,user165
166,user166
167,user167
168,user168
169,user169
170,user170
171,user171
173,user173
175,user175
177,user177
178,user178
180,user180
182,user182
183,user183
184,user184
188,user188
189,user189
192,user192
193,user193
194,user194
195,user195
196,user196
197,user197
198,user198
201,user201
203,user203
205,user205
206,user206
208,user208
211,user211
212,user212
213,user213
215,user215
217,user217
218,user218
219,user219
220,user220
223,user223
224,user224
225,user225
226,user226
228,user228
229,user229
230,user230
234,user234
237,user237
238,user238
239,user239
241,user241
242,user242
243,user243
244,user244
247,user247
248,user248
250,user250
253,user253
254,user254
255,user255
258,user258
259,user259
260,user260
261,user261
262,user262
263,user263
265,user265
268,user268
270,user270
271,user271
272,user272
273,user273
274,user274
275,user275
278,user278
279,user279
280,user280
281,user281
282,user282
283,user283
285,user285
288,user288
292,user292
295,user295
296,user296
297,user297
300,user300
301,user301
302,user302
304,user304
305,user305
306,user306
308,user308
309,user309
310,user310
315,user315
316,user316
318,user318
319,user319
320,user320
323,user323
325,user325
329,user329
330,user330
333,user333
334,user334
335,user335
336,user336
337,user337
338,user338
339,user339
340,user340
341,user341
342,user342
343,user343
344,user344
345,user345
348,user348
349,user349
350,user350
351,user351
353,user353
355,user355
358,user358
359,user359
360,user360
361,user361
363,user363
364,user364
365,user365
367,user367
368,user368
370,user370
371,user371
372,user372
373,user373
375,user375
376,user376
377,user377
378,user378
380,user380
381,user381
382,user382
383,user383
385,user385
386,user386
387,user387
389,user389
390,user390
391,user391
392,user392
393,user393
394,user394
395,user395
396,user396
397,user397
400,user400
403,user403
404,user404
406,user406
408,user408
410,user410
413,user413
414,user414
415,user415
417,user417
418,user418
420,user420
421,user421
422,user422
424,user424
425,user425
427,user427
429,user429
430,user430
432,user432
433,user433
435,user435
436,user436
437,user437
438,user438
440,user440
444,user444
447,user447
448,user448
449,user449
450,user450
451,user451
452,user452
454,user454
455,user455
457,user457
458,user458
459,user459
460,user460
461,user461
462,user462
463,user463
465,user465
466,user466
468,user468
469,user469
472,user472
473,user473
474,user474
475,user475
476,user476
477,user477
478,user478
479,user479
480,user480
483,user483
486,user486
487,user487
488,user488
489,user489
491,user491
492,user492
494,user494
496,user496
497,user497
498,user498
499,user499
500,user500
501,user501
502,user502
503,user503
504,user504
506,user506
510,user510
511,user511
512,user512
514,user514
517,user517
518,user518
519,user519
521,user521
524,user524
525,user525
528,user528
531,user531
532,user532
536,user536
537,user537
538,user538
539,user539
542,user542
544,user544
546,user546
547,user547
548,user548
549,user549
550,user550
554,user554
559,user559
560,user560
561,user561
562,user562
563,user563
565,user565
566,user566
568,user568
569,user569
570,user570
571,user571
572,user572
573,user573
574,user574
576,user576
577,user577
578,user578
580,user580
581,user581
582,user582
583,user583
584,user584
585,user585
586,user586
587,user587
588,user588
592,user592
595,user595
596,user596
599,user599
600,user600
601,user601
602,user602
603,user603
604,user604
605,user605
607,user607
609,user609
611,user611
613,user613
614,user614
615,user615
616,user616
617,user617
618,user618
620,user620
621,user621
622,user622
625,user625
626,user626
629,user629
630,user630
631,user631
633,user633
638,user638
639,user639
640,user640
642,user642
644,user644
645,user645
647,user647
649,user649
650,user650
651,user651
652,user652
654,user654
655,user655
657,user657
659,user659
661,user661
662,user662
664,user664
666,user666
668,user668
669,user669
671,user671
672,user672
673,user673
675,user675
676,user676
677,user677
678,user678
679,user679
680,user680
681,user681
683,user683
684,user684
685,user685
687,user687
689,user689
690,user690
691,user691
694,user694
698,user698
700,user700
703,user703
705,user705
707,user707
712,user712
713,user713
714,user714
716,user716
717,user717
718,user718
719,user719
720,user720
722,user722
725,user725
727,user727
728,user728
729,user729
730,user730
731,user731
732,user732
734,user734
735,user735
736,user736
737,user737
738,user738
740,user740
742,user742
743,user743
744,user744
749,user749
750,user750
751,user751
752,user752
754,user754
755,user755
756,user756
757,user757
759,user759
760,user760
764,user764
765,user765
766,user766
767,user767
768,user768
769,user769
770,user770
773,user773
774,user774
778,user778
779,user779
781,user781
783,user783
784,user784
785,user785
787,user787
789,user789
793,user793
795,user795
796,user796
801,user801
802,user802
806,user806
807,user807
810,user810
813,user813
814,user814
815,user815
816,user816
817,user817
818,user818
819,user819
820,user820
821,user821
822,user822
823,user823
825,user825
827,user827
829,user829
830,user830
832,user832
835,user835
836,user836
841,user841
843,user843
844,user844
849,user849
851,user851
852,user852
854,user854
855,user855
858,user858
859,user859
862,user862
863,user863
864,user864
866,user866
868,user868
870,user870
871,user871
872,user872
873,user873
877,user877
879,user879
880,user880
881,user881
882,user882
885,user885
886,user886
888,user888
889,user889
890,user890
894,user894
895,user895
897,user897
898,user898
899,user899
900,user900
901,user901
906,user906
907,user907
909,user909
910,user910
911,user911
914,user914
915,user915
916,user916
918,user918
919,user919
922,user922
924,user924
925,user925
926,user926
928,user928
930,user930
931,user931
934,user934
935,user935
937,user937
938,user938
939,user939
940,user940
942,user942
943,user943
945,user945
946,user946
948,user948
949,user949
950,user950
954,user954
955,user955
958,user958
961,user961
964,user964
967,user967
970,user970
973,user973
974,user974
975,user975
976,user976
977,user977
978,user978
979,user979
981,user981
982,user982
983,user983
984,user984
985,user985
986,user986
987,user987
988,user988
989,user989
990,user990
991,user991
992,user992
993,user993
994,user994
996,user996
997,user997
999,user999
1000,user1000
1001,ninhthuan199953
1003,ninhthuanntntyop
1004,ninhthuanntnt1yop
1005,ninhthuanntnt2yop
1006,ninhthuanntnt123
1007,hello
1008,sdfsdfdsfsdf
1009,sdfdsfdsfdsfdsf
1010,phduc1477777
1011,sdfsdfasdfsdfsd
1012,sdfdsfdsf
1013,ninhthuan
1014,sdfsdfsddsf
1015,dsfsdfdsfdsf
1016,sdfdsfdsdsf
1018,ninhthuan1999
1019,dsfsdfdsfsdfdsfsd123
1020,minhminh
1021,minh
1022,minh1999
1026,ninhthuanntnt10
1027,ninhthuanntnt10yopmail
1028,ninhthuanntnt11yopmail
1029,trunghiu
1030,asdfsdafasdfasdfdasfasdf
1031,cccccccc
1032,sdfsdfdsfsdfsdfsdf
1034,ninhthuanabc123
